date,ticker,close_usd
2026-06-15,MARA,14.64
2026-06-15,CLSK,17.14
2026-06-15,RIOT,27.38
2026-06-15,IREN,60.85
2026-06-15,BTDR,18.32
2026-06-15,CORZ,28.22
2026-06-15,HIVE,3.96
2026-06-15,WULF,28.17
2026-06-15,CIFR,26.03
2026-06-15,HUT,120.18
2026-06-15,CANG,3.10
2026-06-15,ABTC,12.81
2026-06-15,CAN,0.35
2026-06-16,MARA,14.42
2026-06-16,CLSK,17.26
2026-06-16,RIOT,27.42
2026-06-16,IREN,59.18
2026-06-16,BTDR,18.25
2026-06-16,CORZ,28.08
2026-06-16,HIVE,4.07
2026-06-16,WULF,28.01
2026-06-16,CIFR,26.21
2026-06-16,HUT,121.48
2026-06-16,CANG,3.20
2026-06-16,ABTC,12.52
2026-06-16,CAN,0.34
2026-06-17,MARA,13.92
2026-06-17,CLSK,16.78
2026-06-17,RIOT,27.43
2026-06-17,IREN,58.11
2026-06-17,BTDR,17.92
2026-06-17,CORZ,28.38
2026-06-17,HIVE,3.97
2026-06-17,WULF,27.86
2026-06-17,CIFR,26.35
2026-06-17,HUT,118.88
2026-06-17,CANG,3.20
2026-06-17,ABTC,12.65
2026-06-17,CAN,0.33
2026-06-18,MARA,14.22
2026-06-18,CLSK,17.24
2026-06-18,RIOT,28.10
2026-06-18,IREN,59.96
2026-06-18,BTDR,17.93
2026-06-18,CORZ,29.16
2026-06-18,HIVE,4.26
2026-06-18,WULF,28.98
2026-06-18,CIFR,29.18
2026-06-18,HUT,124.44
2026-06-18,CANG,1.90
2026-06-18,ABTC,12.75
2026-06-18,CAN,0.33
2026-06-22,MARA,14.85
2026-06-22,CLSK,17.45
2026-06-22,RIOT,28.63
2026-06-22,IREN,56.87
2026-06-22,BTDR,17.43
2026-06-22,CORZ,29.08
2026-06-22,HIVE,4.90
2026-06-22,WULF,28.31
2026-06-22,CIFR,28.14
2026-06-22,HUT,121.04
2026-06-22,CANG,2.30
2026-06-22,ABTC,12.18
2026-06-22,CAN,0.35
2026-06-23,MARA,14.70
2026-06-23,CLSK,17.19
2026-06-23,RIOT,28.69
2026-06-23,IREN,54.72
2026-06-23,BTDR,17.23
2026-06-23,CORZ,29.16
2026-06-23,HIVE,4.63
2026-06-23,WULF,28.78
2026-06-23,CIFR,27.64
2026-06-23,HUT,120.51
2026-06-23,CANG,2.40
2026-06-23,ABTC,11.60
2026-06-23,CAN,0.34
2026-06-24,MARA,14.00
2026-06-24,CLSK,16.23
2026-06-24,RIOT,27.42
2026-06-24,IREN,50.30
2026-06-24,BTDR,17.52
2026-06-24,CORZ,27.79
2026-06-24,HIVE,4.14
2026-06-24,WULF,26.97
2026-06-24,CIFR,26.22
2026-06-24,HUT,116.10
2026-06-24,CANG,2.30
2026-06-24,ABTC,11.11
2026-06-24,CAN,0.32
2026-06-25,MARA,13.88
2026-06-25,CLSK,15.87
2026-06-25,RIOT,27.76
2026-06-25,IREN,47.74
2026-06-25,BTDR,16.39
2026-06-25,CORZ,27.27
2026-06-25,HIVE,3.79
2026-06-25,WULF,26.06
2026-06-25,CIFR,25.68
2026-06-25,HUT,117.68
2026-06-25,CANG,2.10
2026-06-25,ABTC,10.59
2026-06-25,CAN,0.30
2026-06-26,MARA,14.54
2026-06-26,CLSK,16.33
2026-06-26,RIOT,28.57
2026-06-26,IREN,47.21
2026-06-26,BTDR,17.15
2026-06-26,CORZ,27.20
2026-06-26,HIVE,4.03
2026-06-26,WULF,25.83
2026-06-26,CIFR,25.94
2026-06-26,HUT,123.02
2026-06-26,CANG,2.00
2026-06-26,ABTC,10.77
2026-06-26,CAN,0.30
2026-06-29,MARA,14.03
2026-06-29,CLSK,15.37
2026-06-29,RIOT,27.75
2026-06-29,IREN,45.91
2026-06-29,BTDR,15.86
2026-06-29,CORZ,25.94
2026-06-29,HIVE,3.76
2026-06-29,WULF,25.58
2026-06-29,CIFR,24.83
2026-06-29,HUT,118.27
2026-06-29,CANG,2.00
2026-06-29,ABTC,10.73
2026-06-29,CAN,0.30
2026-06-30,MARA,13.89
2026-06-30,CLSK,14.55
2026-06-30,RIOT,27.38
2026-06-30,IREN,45.73
2026-06-30,BTDR,15.87
2026-06-30,CORZ,25.59
2026-06-30,HIVE,3.64
2026-06-30,WULF,24.70
2026-06-30,CIFR,24.50
2026-06-30,HUT,115.44
2026-06-30,CANG,2.00
2026-06-30,ABTC,10.22
2026-06-30,CAN,0.29
2026-07-01,MARA,13.37
2026-07-01,CLSK,13.62
2026-07-01,RIOT,23.96
2026-07-01,IREN,43.32
2026-07-01,BTDR,15.44
2026-07-01,CORZ,23.71
2026-07-01,HIVE,3.46
2026-07-01,WULF,23.58
2026-07-01,CIFR,22.84
2026-07-01,HUT,105.79
2026-07-01,CANG,2.10
2026-07-01,ABTC,9.36
2026-07-01,CAN,0.29
2026-07-02,MARA,12.40
2026-07-02,CLSK,12.62
2026-07-02,RIOT,22.11
2026-07-02,IREN,38.82
2026-07-02,BTDR,13.85
2026-07-02,CORZ,21.43
2026-07-02,HIVE,3.24
2026-07-02,WULF,21.18
2026-07-02,CIFR,20.04
2026-07-02,HUT,97.14
2026-07-02,CANG,2.10
2026-07-02,ABTC,8.43
2026-07-02,CAN,0.28
2026-07-06,MARA,12.95
2026-07-06,CLSK,13.51
2026-07-06,RIOT,22.87
2026-07-06,IREN,43.91
2026-07-06,BTDR,14.25
2026-07-06,CORZ,22.80
2026-07-06,HIVE,3.38
2026-07-06,WULF,22.21
2026-07-06,CIFR,21.73
2026-07-06,HUT,103.78
2026-07-06,CANG,2.30
2026-07-06,ABTC,8.49
2026-07-06,CAN,0.29
2026-07-07,MARA,12.05
2026-07-07,CLSK,12.48
2026-07-07,RIOT,21.17
2026-07-07,IREN,39.81
2026-07-07,BTDR,12.88
2026-07-07,CORZ,21.54
2026-07-07,HIVE,3.18
2026-07-07,WULF,20.24
2026-07-07,CIFR,20.47
2026-07-07,HUT,96.74
2026-07-07,CANG,2.30
2026-07-07,ABTC,6.52
2026-07-07,CAN,0.27
2026-07-08,MARA,12.02
2026-07-08,CLSK,12.40
2026-07-08,RIOT,21.09
2026-07-08,IREN,43.01
2026-07-08,BTDR,12.56
2026-07-08,CORZ,23.50
2026-07-08,HIVE,3.24
2026-07-08,WULF,22.83
2026-07-08,CIFR,21.85
2026-07-08,HUT,106.11
2026-07-08,CANG,2.20
2026-07-08,ABTC,5.86
2026-07-08,CAN,0.34
2026-07-09,MARA,13.22
2026-07-09,CLSK,12.89
2026-07-09,RIOT,21.51
2026-07-09,IREN,41.72
2026-07-09,BTDR,14.33
2026-07-09,CORZ,23.74
2026-07-09,HIVE,3.36
2026-07-09,WULF,23.20
2026-07-09,CIFR,23.26
2026-07-09,HUT,106.22
2026-07-09,CANG,2.30
2026-07-09,ABTC,5.98
2026-07-09,CAN,0.31
2026-07-10,MARA,12.60
2026-07-10,CLSK,12.85
2026-07-10,RIOT,20.97
2026-07-10,IREN,41.14
2026-07-10,BTDR,13.29
2026-07-10,CORZ,23.49
2026-07-10,HIVE,3.35
2026-07-10,WULF,21.97
2026-07-10,CIFR,22.11
2026-07-10,HUT,102.22
2026-07-10,CANG,2.10
2026-07-10,ABTC,6.13
2026-07-10,CAN,0.31
2026-07-13,MARA,12.19
2026-07-13,CLSK,12.36
2026-07-13,RIOT,20.19
2026-07-13,IREN,38.98
2026-07-13,BTDR,12.13
2026-07-13,CORZ,22.71
2026-07-13,HIVE,3.19
2026-07-13,WULF,20.89
2026-07-13,CIFR,20.08
2026-07-13,HUT,99.17
2026-07-13,CANG,2.00
2026-07-13,ABTC,5.28
2026-07-13,CAN,0.30
2026-07-14,MARA,12.16
2026-07-14,CLSK,13.45
2026-07-14,RIOT,20.19
2026-07-14,IREN,38.59
2026-07-14,BTDR,12.36
2026-07-14,CORZ,22.09
2026-07-14,HIVE,3.18
2026-07-14,WULF,19.41
2026-07-14,CIFR,19.87
2026-07-14,HUT,98.33
2026-07-14,CANG,2.00
2026-07-14,ABTC,5.40
2026-07-14,CAN,0.29
2026-07-15,MARA,12.29
2026-07-15,CLSK,14.13
2026-07-15,RIOT,20.10
2026-07-15,IREN,38.28
2026-07-15,BTDR,12.57
2026-07-15,CORZ,22.72
2026-07-15,HIVE,3.20
2026-07-15,WULF,19.37
2026-07-15,CIFR,19.87
2026-07-15,HUT,103.03
2026-07-15,CANG,2.00
2026-07-15,ABTC,5.65
2026-07-15,CAN,0.29
2026-07-16,MARA,11.42
2026-07-16,CLSK,12.90
2026-07-16,RIOT,18.82
2026-07-16,IREN,34.83
2026-07-16,BTDR,11.23
2026-07-16,CORZ,21.02
2026-07-16,HIVE,2.88
2026-07-16,WULF,17.98
2026-07-16,CIFR,17.72
2026-07-16,HUT,91.91
2026-07-16,CANG,1.80
2026-07-16,ABTC,5.46
2026-07-16,CAN,0.28
2026-07-17,MARA,10.69
2026-07-17,CLSK,13.03
2026-07-17,RIOT,18.26
2026-07-17,IREN,33.62
2026-07-17,BTDR,10.74
2026-07-17,CORZ,20.94
2026-07-17,HIVE,2.85
2026-07-17,WULF,18.16
2026-07-17,CIFR,17.56
2026-07-17,HUT,91.45
2026-07-17,CANG,1.80
2026-07-17,ABTC,5.44
2026-07-17,CAN,0.27
2026-07-20,MARA,11.67
2026-07-20,CLSK,14.42
2026-07-20,RIOT,19.90
2026-07-20,IREN,40.20
2026-07-20,BTDR,11.37
2026-07-20,CORZ,22.40
2026-07-20,HIVE,3.09
2026-07-20,WULF,18.86
2026-07-20,CIFR,20.54
2026-07-20,HUT,100.93
2026-07-20,CANG,1.80
2026-07-20,ABTC,5.77
2026-07-20,CAN,0.26
2026-07-21,MARA,12.25
2026-07-21,CLSK,15.38
2026-07-21,RIOT,21.49
2026-07-21,IREN,41.29
2026-07-21,BTDR,12.48
2026-07-21,CORZ,24.01
2026-07-21,HIVE,3.23
2026-07-21,WULF,19.87
2026-07-21,CIFR,22.89
2026-07-21,HUT,108.98
2026-07-21,CANG,1.76
2026-07-21,ABTC,6.47
2026-07-21,CAN,0.28
2026-07-22,MARA,12.41
2026-07-22,CLSK,15.32
2026-07-22,RIOT,23.38
2026-07-22,IREN,41.28
2026-07-22,BTDR,12.26
2026-07-22,CORZ,23.62
2026-07-22,HIVE,3.19
2026-07-22,WULF,19.49
2026-07-22,CIFR,24.46
2026-07-22,HUT,109.86
2026-07-22,CANG,1.94
2026-07-22,ABTC,6.10
2026-07-22,CAN,0.27
2026-07-23,MARA,12.77
2026-07-23,CLSK,15.61
2026-07-23,RIOT,23.86
2026-07-23,IREN,40.58
2026-07-23,BTDR,12.17
2026-07-23,CORZ,23.96
2026-07-23,HIVE,3.18
2026-07-23,WULF,20.05
2026-07-23,CIFR,25.82
2026-07-23,HUT,117.67
2026-07-23,CANG,1.83
2026-07-23,ABTC,6.10
2026-07-23,CAN,0.25
2026-07-24,MARA,12.12
2026-07-24,CLSK,14.52
2026-07-24,RIOT,22.53
2026-07-24,IREN,37.07
2026-07-24,BTDR,11.56
2026-07-24,CORZ,22.75
2026-07-24,HIVE,2.96
2026-07-24,WULF,18.46
2026-07-24,CIFR,23.15
2026-07-24,HUT,109.99
2026-07-24,CANG,1.69
2026-07-24,ABTC,5.72
2026-07-24,CAN,0.24
2026-07-27,MARA,11.77
2026-07-27,CLSK,14.02
2026-07-27,RIOT,21.97
2026-07-27,IREN,36.29
2026-07-27,BTDR,11.35
2026-07-27,CORZ,20.74
2026-07-27,HIVE,2.95
2026-07-27,WULF,17.98
2026-07-27,CIFR,21.65
2026-07-27,HUT,104.59
2026-07-27,CANG,1.70
2026-07-27,ABTC,5.87
2026-07-27,CAN,0.26
2026-07-28,MARA,11.38
2026-07-28,CLSK,13.48
2026-07-28,RIOT,21.24
2026-07-28,IREN,33.93
2026-07-28,BTDR,10.28
2026-07-28,CORZ,20.75
2026-07-28,HIVE,2.84
2026-07-28,WULF,17.09
2026-07-28,CIFR,20.42
2026-07-28,HUT,101.14
2026-07-28,CANG,1.70
2026-07-28,ABTC,5.48
2026-07-28,CAN,0.24
2026-07-29,MARA,10.05
2026-07-29,CLSK,12.01
2026-07-29,RIOT,18.24
2026-07-29,IREN,29.31
2026-07-29,BTDR,8.90
2026-07-29,CORZ,18.12
2026-07-29,HIVE,2.54
2026-07-29,WULF,15.09
2026-07-29,CIFR,17.69
2026-07-29,HUT,88.18
2026-07-29,CANG,1.56
2026-07-29,ABTC,5.19
2026-07-29,CAN,0.23
2026-07-30,MARA,11.82
2026-07-30,CLSK,14.54
2026-07-30,RIOT,22.12
2026-07-30,IREN,38.26
2026-07-30,BTDR,11.10
2026-07-30,CORZ,21.81
2026-07-30,HIVE,3.00
2026-07-30,WULF,17.82
2026-07-30,CIFR,22.66
2026-07-30,HUT,108.27
2026-07-30,CANG,1.43
2026-07-30,ABTC,5.90
2026-07-30,CAN,0.24
2026-07-31,MARA,11.32
2026-07-31,CLSK,13.76
2026-07-31,RIOT,20.17
2026-07-31,IREN,36.80
2026-07-31,BTDR,10.52
2026-07-31,CORZ,20.72
2026-07-31,HIVE,2.83
2026-07-31,WULF,17.66
2026-07-31,CIFR,22.32
2026-07-31,HUT,107.63
2026-07-31,CANG,1.40
2026-07-31,ABTC,5.52
2026-07-31,CAN,0.17
2026-08-03,MARA,11.75
2026-08-03,CLSK,14.65
2026-08-03,RIOT,21.42
2026-08-03,IREN,39.75
2026-08-03,BTDR,11.37
2026-08-03,CORZ,22.83
2026-08-03,HIVE,2.89
2026-08-03,WULF,18.83
2026-08-03,CIFR,24.16
2026-08-03,HUT,112.08
2026-08-03,CANG,1.61
2026-08-03,ABTC,5.85
2026-08-03,CAN,0.18
2026-08-04,MARA,11.75
2026-08-04,CLSK,14.17
2026-08-04,RIOT,21.56
2026-08-04,IREN,40.85
2026-08-04,BTDR,11.38
2026-08-04,CORZ,22.81
2026-08-04,HIVE,2.91
2026-08-04,WULF,18.88
2026-08-04,CIFR,20.38
2026-08-04,HUT,101.16
2026-08-04,CANG,1.64
2026-08-04,ABTC,6.14
2026-08-04,CAN,0.20
2026-08-05,MARA,11.24
2026-08-05,CLSK,13.50
2026-08-05,RIOT,21.50
2026-08-05,IREN,38.89
2026-08-05,BTDR,11.06
2026-08-05,CORZ,21.77
2026-08-05,HIVE,2.84
2026-08-05,WULF,18.07
2026-08-05,CIFR,18.71
2026-08-05,HUT,92.76
2026-08-05,CANG,1.60
2026-08-05,ABTC,6.54
2026-08-05,CAN,0.20
2026-08-06,MARA,10.65
2026-08-06,CLSK,12.75
2026-08-06,RIOT,21.21
2026-08-06,IREN,37.93
2026-08-06,BTDR,10.52
2026-08-06,CORZ,21.05
2026-08-06,HIVE,2.76
2026-08-06,WULF,17.62
2026-08-06,CIFR,18.21
2026-08-06,HUT,90.65
2026-08-06,CANG,1.59
2026-08-06,ABTC,6.19
2026-08-06,CAN,0.19
2026-08-07,MARA,10.09
2026-08-07,CLSK,12.30
2026-08-07,RIOT,20.52
2026-08-07,IREN,41.23
2026-08-07,BTDR,10.88
2026-08-07,CORZ,21.01
2026-08-07,HIVE,2.84
2026-08-07,WULF,17.08
2026-08-07,CIFR,17.18
2026-08-07,HUT,88.59
2026-08-07,CANG,1.67
2026-08-07,ABTC,6.47
2026-08-07,CAN,0.21
2026-08-10,MARA,9.56
2026-08-10,CLSK,11.59
2026-08-10,RIOT,19.40
2026-08-10,IREN,38.74
2026-08-10,BTDR,8.69
2026-08-10,CORZ,19.44
2026-08-10,HIVE,2.60
2026-08-10,WULF,16.20
2026-08-10,CIFR,16.33
2026-08-10,HUT,85.66
2026-08-10,CANG,1.65
2026-08-10,ABTC,7.07
2026-08-10,CAN,0.20
2026-08-11,MARA,9.68
2026-08-11,CLSK,11.52
2026-08-11,RIOT,20.24
2026-08-11,IREN,39.75
2026-08-11,BTDR,8.69
2026-08-11,CORZ,19.76
2026-08-11,HIVE,2.65
2026-08-11,WULF,16.75
2026-08-11,CIFR,17.21
2026-08-11,HUT,88.78
2026-08-11,CANG,1.72
2026-08-11,ABTC,6.92
2026-08-11,CAN,0.20
2026-08-12,MARA,9.64
2026-08-12,CLSK,12.18
2026-08-12,RIOT,20.32
2026-08-12,IREN,43.67
2026-08-12,BTDR,9.02
2026-08-12,CORZ,20.87
2026-08-12,HIVE,2.74
2026-08-12,WULF,17.19
2026-08-12,CIFR,17.87
2026-08-12,HUT,90.77
2026-08-12,CANG,2.19
2026-08-12,ABTC,6.93
2026-08-12,CAN,0.21
2026-08-13,MARA,9.21
2026-08-13,CLSK,11.52
2026-08-13,RIOT,19.21
2026-08-13,IREN,44.76
2026-08-13,BTDR,8.76
2026-08-13,CORZ,19.78
2026-08-13,HIVE,2.58
2026-08-13,WULF,16.31
2026-08-13,CIFR,16.62
2026-08-13,HUT,82.95
2026-08-13,CANG,2.26
2026-08-13,ABTC,7.32
2026-08-13,CAN,0.21
2026-08-14,MARA,9.20
2026-08-14,CLSK,12.09
2026-08-14,RIOT,19.01
2026-08-14,IREN,44.06
2026-08-14,BTDR,9.13
2026-08-14,CORZ,20.18
2026-08-14,HIVE,2.69
2026-08-14,WULF,17.38
2026-08-14,CIFR,17.85
2026-08-14,HUT,85.44
2026-08-14,CANG,2.05
2026-08-14,ABTC,7.26
2026-08-14,CAN,0.23
2026-08-17,MARA,9.2
2026-08-17,CLSK,12.09
2026-08-17,RIOT,19.015
2026-08-17,IREN,44.06
2026-08-17,BTDR,9.13
2026-08-17,CORZ,20.18
2026-08-17,HIVE,2.69
2026-08-17,WULF,17.38
2026-08-17,CIFR,17.855
2026-08-17,HUT,85.44
2026-08-17,CANG,2.05
2026-08-17,ABTC,7.26
2026-08-17,CAN,0.23
2026-08-18,MARA,9.715
2026-08-18,CLSK,12.4
2026-08-18,RIOT,20.04
2026-08-18,IREN,44.9
2026-08-18,BTDR,9.39
2026-08-18,CORZ,20.13
2026-08-18,HIVE,3.07
2026-08-18,WULF,17.6
2026-08-18,CIFR,18.5
2026-08-18,HUT,88.04
2026-08-18,CANG,1.79
2026-08-18,ABTC,7.12
2026-08-18,CAN,0.228
2026-08-19,MARA,8.96
2026-08-19,CLSK,11.73
2026-08-19,RIOT,18.91
2026-08-19,IREN,42.0
2026-08-19,BTDR,9.0
2026-08-19,CORZ,18.85
2026-08-19,HIVE,2.78
2026-08-19,WULF,15.62
2026-08-19,CIFR,16.095
2026-08-19,HUT,80.79
2026-08-19,CANG,1.63
2026-08-19,ABTC,6.94
2026-08-19,CAN,0.218
2026-08-20,MARA,9.65
2026-08-20,CLSK,11.67
2026-08-20,RIOT,19.38
2026-08-20,IREN,42.84
2026-08-20,BTDR,9.63
2026-08-20,CORZ,18.72
2026-08-20,HIVE,2.82
2026-08-20,WULF,15.5
2026-08-20,CIFR,15.89
2026-08-20,HUT,82.08
2026-08-20,CANG,1.68
2026-08-20,ABTC,7.9
2026-08-20,CAN,0.24
2026-08-21,MARA,11.15
2026-08-21,CLSK,12.6
2026-08-21,RIOT,20.98
2026-08-21,IREN,42.6
2026-08-21,BTDR,10.43
2026-08-21,CORZ,18.39
2026-08-21,HIVE,3.13
2026-08-21,WULF,16.45
2026-08-21,CIFR,17.21
2026-08-21,HUT,88.65
2026-08-21,CANG,1.62
2026-08-21,ABTC,8.47
2026-08-21,CAN,0.2789
2026-08-22,MARA,11.26
2026-08-22,CLSK,11.98
2026-08-22,RIOT,19.83
2026-08-22,IREN,41.88
2026-08-22,BTDR,11.37
2026-08-22,CORZ,17.81
2026-08-22,HIVE,3.03
2026-08-22,WULF,15.64
2026-08-22,CIFR,15.765
2026-08-22,HUT,80.86
2026-08-22,CANG,2.14
2026-08-22,ABTC,7.93
2026-08-22,CAN,0.355
